<?xml version="1.0" encoding="UTF-8" standalone="yes"?>
<addon id="plugin.program.grindwizard" name="[COLORghostwhite][B]GRIND[/B][/COLOR] [COLORred][B]Wizard[/B][/COLOR]" version="1.1.5" provider-name="[B][COLORpink]Yo Boy From Oklahoma[/COLOR][/B]">
  <requires>
    <import addon="xbmc.python" version="2.1.0"/>
  </requires>
  <extension point="xbmc.python.pluginsource" library="default.py">
    <provides>executable</provides>
  </extension>
  <extension point="xbmc.service" library="startup.py" start="startup" />
  <extension point="xbmc.addon.metadata">
    <summary lang="en">[COLORghostwhite][B]GRIND[/B][/COLOR] [COLORred][B]Wizard[/B][/COLOR]</summary>
    <description lang="en">The Grind Wizard allows access to the latest Grindage builds, composed of 3rd party addons, in which most are NOT official Kodi/XBMC addons.</description>
    <platform>all</platform>
  </extension>
</addon>
