<?xml version="1.0" encoding="UTF-8" standalone="yes"?>
<addon id="plugin.program.jazz" name="Jazz Wizard" version="3.1.3" provider-name="Team Jazz">
  <requires>
    <import addon="xbmc.python" version="2.1.0"/>
  </requires>
  <extension point="xbmc.python.pluginsource" library="default.py">
    <provides>executable</provides>
  </extension>
  <extension point="xbmc.service" library="startup.py" start="startup" />
  <extension point="xbmc.addon.metadata">
    <summary lang="en">Jazz Wizard</summary>
    <description lang="en">The Jazz Wizard allows access to the latest Jazz builds, composed of 3rd party addons, in which most are NOT official Kodi/XBMC addons.</description>
    <platform>all</platform>
  </extension>
</addon>
